{
  "identifylayeroption": "visible",
  "identifytolerance": 5,
  "defaultzoomscale": 5000,
  "keepidentifyactive": true,
  "returngeometryforzoom": true,
  "enablelineselect": true,
  "enablefreehandlineselect": true,
  "enablepolylineselect": true,
  "enableextentselect": true,
  "enabletriangleselect": false,
  "enablepolyselect": true,
  "enablefreehandpolyselect": true,
  "enablecircleselect": true,
  "enableellipseselect": true,
  "enablegraphicclickinfo": true,
  "usemaptime": false,
  "infoautoclosemilliseconds": 2,
  "autoactivatedtool": "point",
  "disablelayerdropdown": false,
  "disablealllayerschoice": false,
  "replacenullswithemptystring": true,
  "enablemouseoverrecordinfo": true,
  "enablemouseovergraphicsinfo": true,
  "enableHighlight": true,
  "identsearchwidgetresults": false,
  "layers": {
    "onlythese": false,
    "layer": [
      {
        "name": "Zoning",
        "id": 2,
        "url": "https://sampleserver1.arcgisonline.com/ArcGIS/rest/services/Louisville/LOJIC_LandRecords_Louisville/MapServer",
        "fields": {
          "field": [
            {
              "name": "ZONING_NAME",
              "alias": "ZONING_NAME",
              "useralias": "Zoning Name"
            },
            {
              "name": "ZONING_TYPE",
              "alias": "ZONING_TYPE",
              "useralias": "Zoning Type",
              "popuponly": true
            }
          ]
        },
        "links": {},
        "zoomscale": 1500,
        "forcescale": true
      },
      {
        "name": "Land Use",
        "id": 1,
        "url": "https://sampleserver1.arcgisonline.com/ArcGIS/rest/services/Louisville/LOJIC_LandRecords_Louisville/MapServer",
        "fields": {
          "field": [
            {
              "name": "LANDUSE_NAME",
              "alias": "LANDUSE_NAME",
              "useralias": "Landuse Name"
            }
          ]
        },
        "links": {},
        "zoomscale": 1500,
        "forcescale": true
      },
      {
        "name": "Traffic Cameras",
        "url": "https://sampleserver1.arcgisonline.com/ArcGIS/rest/services/Louisville/LOJIC_PublicSafety_Louisville/MapServer",
        "id": 2,
        "zoomscale": "2000",
        "forcescale": true,
        "fields": {
          "all": false,
          "field": [
            {
              "name": "URL",
              "alias": "URL",
              "useralias": "Url"
            },
            {
              "name": "ONLINE",
              "alias": "ONLINE",
              "useralias": "Online"
            },
            {
              "name": "DESCRIPTION",
              "alias": "DESCRIPTION",
              "useralias": "Description"
            },
            {
              "name": "LAST_UPDATED",
              "alias": "LAST_UPDATED",
              "useralias": "Last Updated",
              "isdate": true
            }
          ]
        },
        "links": {
          "link": [
            {
              "alias": "View Traffic Image",
              "disablelinksifnull": true,
              "disableinpopup": false,
              "popuptype": "image",
              "content": "{URL}",
              "icon": "https://help.arcgis.com/en/webapps/flexviewer/live/assets/images/i_camera.png"
            }
          ]
        }
      },
      {
        "name": "Police Stations",
        "url": "https://sampleserver1.arcgisonline.com/ArcGIS/rest/services/Louisville/LOJIC_PublicSafety_Louisville/MapServer",
        "id": 3,
        "zoomscale": "2000",
        "forcescale": true,
        "fields": {
          "all": false,
          "field": [
            {
              "name": "PD_NAME",
              "alias": "PD_NAME",
              "useralias": "NAME"
            },
            {
              "name": "ADDRESS",
              "alias": "ADDRESS",
              "usealias": "Address"
            }
          ]
        },
        "links": {}
      },
      {
        "name": "Emergency Sirens",
        "url": "https://sampleserver1.arcgisonline.com/ArcGIS/rest/services/Louisville/LOJIC_PublicSafety_Louisville/MapServer",
        "id": 0,
        "zoomscale": "2000",
        "forcescale": true,
        "fields": {
          "all": false,
          "field": [
            {
              "name": "SILOCAL",
              "alias": "LOCAL",
              "usealias": "Local"
            },
            {
              "name": "SIADDRESS",
              "alias": "ADDRESS",
              "useralias": "Address"
            }
          ]
        },
        "links": {}
      },
      {
        "name": "Fire Stations",
        "url": "https://sampleserver1.arcgisonline.com/ArcGIS/rest/services/Louisville/LOJIC_PublicSafety_Louisville/MapServer",
        "id": 1,
        "zoomscale": "2000",
        "forcescale": true,
        "fields": {
          "all": false,
          "field": [
            {
              "name": "LFD_DIST",
              "alias": "DISTRICT",
              "useralias": "Louiseville Fire District",
              "isnumber": true
            },
            {
              "name": "ADDRESS",
              "alias": "ADDRESS",
              "useralias": "Address"
            },
            {
              "name": "NAME",
              "alias": "NAME",
              "useralias": "Name"
            }
          ]
        },
        "links": {}
      }
    ],
    "excludelayer": [
      {
        "name": "Condos"
      },
      {
        "url": "https://services.arcgisonline.com/arcgis/rest/services/Reference/World_Transportation/MapServer"
      },
      {
        "url": "https://services.arcgisonline.com/arcgis/rest/services/Reference/World_Reference_Overlay/MapServer"
      },
      {
        "url": "https://services.arcgisonline.com/arcgis/rest/services/Reference/World_Boundaries_and_Places/MapServer"
      },
      {
        "url": "https://services.arcgisonline.com/arcgis/rest/services/Reference/World_Boundaries_and_Places_Alternate/MapServer"
      },
      {
        "url": "https://services.arcgisonline.com/ArcGIS/rest/services/Canvas/World_Light_Gray_Reference/MapServer"
      },
      {
        "url": "https://services.arcgisonline.com/arcgis/rest/services/Canvas/World_Dark_Gray_Reference/MapServer"
      },
      {
        "url": "https://services.arcgisonline.com/arcgis/rest/services/NatGeo_World_Map/MapServer"
      },
      {
        "url": "https://services.arcgisonline.com/arcgis/rest/services/Ocean_Basemap/MapServer"
      },
      {
        "url": "https://services.arcgisonline.com/arcgis/rest/services/USA_Topo_Maps/MapServer"
      },
      {
        "url": "https://services.arcgisonline.com/arcgis/rest/services/World_Imagery/MapServer"
      },
      {
        "url": "https://services.arcgisonline.com/arcgis/rest/services/World_Physical_Map/MapServer"
      },
      {
        "url": "https://services.arcgisonline.com/arcgis/rest/services/World_Shaded_Relief/MapServer"
      },
      {
        "url": "https://services.arcgisonline.com/arcgis/rest/services/World_Street_Map/MapServer"
      },
      {
        "url": "https://services.arcgisonline.com/arcgis/rest/services/World_Terrain_Base/MapServer"
      },
      {
        "url": "https://services.arcgisonline.com/arcgis/rest/services/World_Topo_Map/MapServer"
      },
      {
        "url": "https://services.arcgisonline.com/arcgis/rest/services/Canvas/World_Light_Gray_Base/MapServer"
      },
      {
        "url": "https://services.arcgisonline.com/arcgis/rest/services/Canvas/World_Dark_Gray_Base/MapServer"
      }
    ]
  },
  "symbols": {
    "simplemarkersymbol": {
      "color": [
        68,
        140,
        203,
        153
      ],
      "size": 8,
      "angle": 0,
      "xoffset": 0,
      "yoffset": 0,
      "type": "esriSMS",
      "style": "esriSMSCircle",
      "outline": {
        "color": [
          255,
          255,
          255,
          153
        ],
        "width": 1,
        "type": "esriSLS",
        "style": "esriSLSSolid"
      }
    },
    "picturemarkersymbol": {
      "url": "images/i_info.png",
      "height": "20",
      "width": "20",
      "type": "esriPMS",
      "angle": "0"
    },
    "simplelinesymbol": {
      "type": "esriSLS",
      "style": "esriSLSSolid",
      "color": [
        68,
        140,
        203,
        153
      ],
      "width": 2
    },
    "simplefillsymbol": {
      "color": [
        68,
        140,
        203,
        153
      ],
      "outline": {
        "color": [
          68,
          140,
          203,
          153
        ],
        "width": 2,
        "type": "esriSLS",
        "style": "esriSLSSolid"
      },
      "type": "esriSFS",
      "style": "esriSFSSolid"
    }
  },
  "resultFormat": {
    "attTitlesymbol": {
      "bold": false,
      "italic": true,
      "underline": false,
      "color": [
        0,
        0,
        0,
        1
      ]
    },
    "attValuesymbol": {
      "bold": false,
      "italic": false,
      "underline": false,
      "color": [
        0,
        0,
        0,
        1
      ]
    }
  }
}
